{"features": ["media", "preco", "media_ultimas_3", "media_ultimas_5", "media_ultimas_10", "std_ultimas_5", "max_ultimas_5", "pontos_ultima", "media_historica", "sequencia_jogos", "custo_beneficio", "tendencia", "momentum", "variacao_acum_3", "seq_valorizacao", "padrao_evolucao", "distancia_media", "abaixo_media", "oportunidade_regressao", "score_oportunidade", "score_recuperacao", "risco_regressao", "score_geral_v9"], "weights": [-0.012584, 0.539435, -0.006851, 0.021807, 0.002066, 0.04188, 0.021061, -0.004741, -0.025558, 0.002699, -0.053687, -0.007847, -0.007744, -0.002544, -0.001674, -0.003559, -0.001435, -0.000217, 0.091326, -0.009103, -0.00633, -0.034095, 0.043335], "bias": -0.134553}